mB,mBerr,sigma,sigmaerr
9.05,0.10,77.0,3.0
11.84,0.09,226.0,9.0
11.27,0.09,328.0,9.0
10.65,0.09,167.0,3.0
11.50,0.09,315.0,3.0
11.74,0.09,276.0,2.0
11.33,0.09,270.0,10.0
10.26,0.09,175.0,8.0
11.06,0.09,166.0,16.0
11.61,0.09,297.0,12.0
10.50,0.09,145.0,7.0
10.91,0.09,206.0,10.0
11.26,0.09,229.0,11.0
11.01,0.09,182.0,9.0
11.77,0.09,270.0,27.0
11.65,0.09,315.0,15.0
10.85,0.09,242.0,12.0
11.62,0.09,296.0,14.0
11.51,0.09,182.0,5.0
10.88,0.09,167.0,8.0
11.84,0.09,300.0,7.0
10.85,0.09,190.0,9.0
11.72,0.09,324.0,28.0
9.64,0.10,185.0,9.0
11.64,0.09,380.0,19.0
10.97,0.09,177.0,8.0
11.16,0.09,355.0,14.0
12.09,0.09,347.0,5.0
11.28,0.09,222.0,11.0
11.05,0.09,150.0,7.0
11.65,0.09,333.0,2.0
11.60,0.09,328.0,11.0
11.00,0.09,183.0,9.0
10.57,0.09,239.0,11.0
11.69,0.09,318.0,2.0
11.25,0.09,389.0,3.0
11.61,0.10,266.0,13.0
11.65,0.09,292.0,5.0
11.75,0.09,257.0,26.0
11.60,0.09,331.0,5.0
11.81,0.09,288.0,14.0
11.78,0.09,322.0,16.0
